"company","country","total_laid_off","rank"
"ETERMAX","Argentina",40,"1"
"TIENDANUBE","Argentina",50,"2"
"UALÃ¡","Argentina",53,"3"
"BUENBIT","Argentina",80,"4"
"LEMON","Argentina",100,"5"
"EXPERT360","Australia",7,"1"
"KINDE","Australia",8,"2"
"COINJAR","Australia",10,"3"
"HEALTHMATCH","Australia",18,"4"
"IMMUTABLE","Australia",20,"5"
"SENDLE","Australia",27,"6"
"BOOKTOPIA","Australia",30,"7"
"BRIGHTE","Australia",30,"7"
"SUPERLOOP","Australia",30,"7"
"CULTURE AMP","Australia",36,"10"
"INDEBTED","Australia",40,"11"
"LINKTREE","Australia",50,"12"
"BRIGHTE","Australia",58,"13"
"DEPUTY","Australia",60,"14"
"THE ICONIC","Australia",69,"15"
"BANXA","Australia",70,"16"
"SWYFTX","Australia",74,"17"
"METIGY","Australia",75,"18"
"OPENPAY","Australia",83,"19"
"SWYFTX","Australia",90,"20"
"WILLOW","Australia",99,"21"
"LENDI","Australia",100,"22"
"ENVATO","Australia",100,"22"
"CATCH.COM.AU","Australia",100,"22"
"TILL PAYMENTS","Australia",120,"25"
"DELIVEROO AUSTRALIA","Australia",120,"25"
"SEND","Australia",300,"27"
"ATLASSIAN","Australia",500,"28"
"GOSTUDENT","Austria",100,"1"
"GOSTUDENT","Austria",200,"2"
"BITPANDA","Austria",270,"3"
"TUTORMUNDI","Brazil",4,"1"
"XERPA","Brazil",10,"2"
"TAPPS GAMES","Brazil",10,"2"
"GETNINJAS","Brazil",11,"4"
"KENOBY","Brazil",18,"5"
"LOJA INTEGRADA","Brazil",25,"6"
"QUANTO","Brazil",28,"7"
"BEETECH","Brazil",30,"8"
"ENJOEI","Brazil",31,"9"
"MOVIDESK","Brazil",33,"10"
"LOFT","Brazil",47,"11"
"LOFT","Brazil",47,"11"
"TRYBE","Brazil",47,"11"
"UNICO","Brazil",50,"14"
"WARREN","Brazil",50,"14"
"AMBEV TECH","Brazil",50,"14"
"MERCOS","Brazil",51,"17"
"HASH","Brazil",58,"18"
"C6 BANK","Brazil",60,"19"
"AFTERVERSE","Brazil",60,"19"
"MADEIRAMADEIRA","Brazil",60,"19"
"SANAR","Brazil",60,"19"
"ME POUPE","Brazil",60,"19"
"QUICKO","Brazil",60,"19"
"EBANX","Brazil",62,"25"
"ALICE","Brazil",63,"26"
"NEON","Brazil",70,"27"
"INVOLVES","Brazil",70,"27"
"99","Brazil",75,"29"
"SAMI","Brazil",75,"29"
"FLUKE","Brazil",83,"31"
"QUINTOANDAR","Brazil",88,"32"
"2TM","Brazil",90,"33"
"PETLOVE","Brazil",94,"34"
"2TM","Brazil",100,"35"
"SUMUP","Brazil",100,"35"
"ROCK CONTENT","Brazil",100,"35"
"LIV UP","Brazil",100,"35"
"UNICO","Brazil",110,"39"
"PIER","Brazil",111,"40"
"ALICE","Brazil",113,"41"
"OMIE","Brazil",136,"42"
"CONTAAZUL","Brazil",140,"43"
"KAVAK","Brazil",150,"44"
"LOFT","Brazil",159,"45"
"BUSER","Brazil",160,"46"
"QUINTOANDAR","Brazil",160,"46"
"MAXMILHAS","Brazil",167,"48"
"FAVO","Brazil",170,"49"
"DOCK","Brazil",190,"50"
"VTEX","Brazil",200,"51"
"NEON","Brazil",210,"52"
"HOTMART","Brazil",227,"53"
"FACILY","Brazil",260,"54"
"LOGGI","Brazil",300,"55"
"WILDLIFE STUDIOS","Brazil",300,"55"
"WILDLIFE STUDIOS","Brazil",300,"55"
"LOFT","Brazil",312,"58"
"EBANX","Brazil",340,"59"
"LOFT","Brazil",340,"59"
"IFOOD","Brazil",355,"61"
"LOFT","Brazil",384,"62"
"GYMPASS","Brazil",467,"63"
"OYO","Brazil",500,"64"
"LOGGI","Brazil",500,"64"
"PAGBANK","Brazil",500,"64"
"STONE","Brazil",1300,"67"
"SCALEFOCUS","Bulgaria",120,"1"
"SWYFT","Canada",10,"1"
"LOOPIO","Canada",11,"2"
"VENNGAGE","Canada",11,"2"
"DOOLY","Canada",12,"4"
"BRIDGIT","Canada",13,"5"
"LIGHTHOUSE LABS","Canada",14,"6"
"TULIP RETAIL","Canada",14,"6"
"KOHO","Canada",15,"8"
"BORROWELL","Canada",15,"8"
"FORMA.AI","Canada",15,"8"
"TOP HAT","Canada",16,"11"
"CLEARBANC","Canada",17,"12"
"SENSIBILL","Canada",17,"12"
"CONNECTED","Canada",17,"12"
"OPENCARE","Canada",18,"15"
"#PAID","Canada",19,"16"
"INTERSECT","Canada",19,"16"
"SHAKEPAY","Canada",21,"18"
"SHERPA","Canada",22,"19"
"TEXTNOW","Canada",22,"19"
"BUSBUD","Canada",23,"21"
"RITUAL","Canada",23,"21"
"LEGIBLE","Canada",23,"21"
"TRUILOO","Canada",24,"24"
"REVELATE","Canada",24,"24"
"DROP","Canada",24,"24"
"BRIZA","Canada",26,"27"
"INTEGRATE.AI","Canada",26,"27"
"BONSAI","Canada",29,"29"
"SHOPIFY","Canada",30,"30"
"BONSAI","Canada",30,"30"
"COINSQUARE","Canada",30,"30"
"CTO.AI","Canada",30,"30"
"UBERFLIP","Canada",31,"34"
"TEALBOOK","Canada",34,"35"
"MEJURI","Canada",36,"36"
"ADA SUPPORT","Canada",36,"36"
"FRESHBOOKS","Canada",38,"38"
"PARTNERSTACK","Canada",40,"39"
"HUBBA","Canada",45,"40"
"ECOBEE","Canada",47,"41"
"UNBOUNCE","Canada",47,"41"
"BENCH","Canada",47,"41"
"Q4","Canada",50,"44"
"HOOTSUITE","Canada",50,"44"
"SHOPIFY","Canada",50,"44"
"CLEARCO","Canada",50,"44"
"MEJURI","Canada",50,"44"
"GOBOLT","Canada",55,"49"
"INTROHIVE","Canada",57,"50"
"VERTICALSCOPE","Canada",60,"51"
"CLEARCO","Canada",60,"51"
"ELEMENT AI","Canada",62,"53"
"RENORUN","Canada",70,"54"
"GOODFOOD","Canada",70,"54"
"SHOPIFY","Canada",70,"54"
"HOOTSUITE","Canada",70,"54"
"PROPERLY","Canada",71,"58"
"THRIVER","Canada",75,"59"
"CLUTCH","Canada",76,"60"
"THINKIFIC","Canada",76,"60"
"RANGLE","Canada",78,"62"
"ADA","Canada",78,"62"
"MOGO","Canada",78,"62"
"ALAYACARE","Canada",80,"65"
"APPLYBOARD","Canada",90,"66"
"THINKIFIC","Canada",100,"67"
"BREATHER","Canada",120,"68"
"CLEARCO","Canada",125,"69"
"TOUCHBISTRO","Canada",131,"70"
"BENEVITY","Canada",137,"71"
"SSENSE","Canada",138,"72"
"CLUTCH","Canada",150,"73"
"WEALTHSIMPLE","Canada",159,"74"
"RITUAL","Canada",196,"75"
"RENORUN","Canada",210,"76"
"ARTICLE","Canada",216,"77"
"LIGHTSPEED COMMERCE","Canada",300,"78"
"SKIPTHEDISHES","Canada",350,"79"
"HOOTSUITE","Canada",400,"80"
"SHOPIFY","Canada",1000,"81"
"BETTERFLY","Chile",30,"1"
"BYTEDANCE","China",150,"1"
"XIAOHONGSHU","China",180,"2"
"HUOBI","China",275,"3"
"HUOBI","China",300,"4"
"TENCENT","China",300,"4"
"WEDOCTOR","China",500,"6"
"BLACK SHARK","China",900,"7"
"PUDUTECH","China",1500,"8"
"BYTEDANCE","China",1800,"9"
"HUNTY","Colombia",30,"1"
"TUL","Colombia",100,"2"
"AIRTAME","Denmark",15,"1"
"LINKFIRE","Denmark",35,"2"
"LABSTER","Denmark",40,"3"
"SIMPLE FEAST","Denmark",150,"4"
"STARSHIP TECHNOLOGIES","Estonia",30,"1"
"PIPEDRIVE","Estonia",31,"2"
"VERIFF","Estonia",63,"3"
"VERIFF","Estonia",66,"4"
"PIPEDRIVE","Estonia",143,"5"
"SWAPPIE","Finland",250,"1"
"SIGFOX","France",64,"1"
"BACK MARKET","France",93,"2"
"PAYFIT","France",200,"3"
"JELLYSMACK","France",208,"4"
"MEERO","France",350,"5"
"FINLEAP CONNECT","Germany",14,"1"
"HORIZN STUDIOS","Germany",15,"2"
"LENDIS","Germany",18,"3"
"ROWS","Germany",18,"3"
"XENTRAL","Germany",20,"5"
"GITPOD","Germany",21,"6"
"RESEARCHGATE","Germany",25,"7"
"ARTNIGHT","Germany",26,"8"
"SELLERX","Germany",28,"9"
"TOMORROW","Germany",30,"10"
"CLUE","Germany",31,"11"
"ELINVAR","Germany",43,"12"
"NURI","Germany",45,"13"
"KONTIST","Germany",50,"14"
"INFARM","Germany",50,"14"
"ADA HEALTH","Germany",50,"14"
"JIMDO","Germany",50,"14"
"HIGHSNOBIETY","Germany",51,"18"
"URBAN SPORTS CLUB","Germany",55,"19"
"RASA","Germany",59,"20"
"PITCH","Germany",59,"20"
"ONEFOOTBALL","Germany",62,"22"
"CHRONO24","Germany",65,"23"
"STUDYSMARTER","Germany",70,"24"
"MOSS","Germany",70,"24"
"HEYCAR","Germany",73,"26"
"ZEITGOLD","Germany",75,"27"
"CHRONO24","Germany",80,"28"
"TIER MOBILITY","Germany",80,"28"
"QUANDOO","Germany",87,"30"
"MCMAKLER","Germany",90,"31"
"GETYOURGUIDE","Germany",90,"31"
"BERLIN BRANDS GROUP","Germany",100,"33"
"DELIVERY HERO","Germany",100,"33"
"WEFOX","Germany",100,"33"
"SMAVA","Germany",100,"33"
"ARGO AI","Germany",100,"33"
"SMAVA","Germany",100,"33"
"EGYM","Germany",100,"33"
"MCMAKLER","Germany",100,"33"
"BRYTER","Germany",100,"33"
"CIRC","Germany",100,"33"
"WESTWING","Germany",125,"43"
"ONEFOOTBALL","Germany",150,"44"
"SHARE NOW","Germany",150,"44"
"DELIVERY HERO","Germany",156,"46"
"TIER MOBILITY","Germany",180,"47"
"PLANETLY","Germany",200,"48"
"SOFTWARE AG","Germany",200,"48"
"GORILLAS","Germany",300,"50"
"SONO MOTORS","Germany",300,"50"
"DELIVERY HERO","Germany",300,"50"
"INFARM","Germany",500,"53"
"GORILLAS","Germany",540,"54"
"SAP","Germany",3000,"55"
"BULLISH","Hong Kong",30,"1"
"KLOOK","Hong Kong",300,"2"
"ORIENTE","Hong Kong",400,"3"
"INSTAMOJO","India",6,"1"
"DUKAAN","India",23,"2"
"UPSCALIO","India",25,"3"
"HIGHRADIUS","India",25,"3"
"FITTR","India",30,"5"
"SYNAPSICA","India",30,"5"
"OKCREDIT","India",30,"5"
"PLUM","India",36,"8"
"KOO","India",40,"9"
"NAVI","India",40,"9"
"TIKTOK INDIA","India",40,"9"
"BOUNCE","India",40,"9"
"SHUTTL","India",40,"9"
"PHARMEASY","India",40,"9"
"BHARATAGRI","India",40,"9"
"DALOOPA","India",40,"9"
"ERUDITUS","India",40,"9"
"RELEVEL","India",40,"9"
"PAYSENSE","India",40,"9"
"OYE RICKSHAW","India",40,"9"
"TEACHMINT","India",45,"21"
"ACKO","India",45,"21"
"POCKET ACES","India",50,"23"
"RUPEEK","India",50,"23"
"BREATHE","India",50,"23"
"INMOBI","India",50,"23"
"HARAPPA","India",60,"27"
"WAZIRX","India",60,"27"
"LEAD","India",60,"27"
"CLEVERTAP","India",60,"27"
"PICKYOURTRAIL","India",70,"31"
"GRAMOPHONE","India",75,"32"
"FABHOTELS","India",80,"33"
"AQGROMALIN","India",80,"33"
"PAGARBOOK","India",80,"33"
"LEAD","India",80,"33"
"COINDCX","India",80,"33"
"FAREYE","India",90,"38"
"POLYGON","India",100,"39"
"UDAYY","India",100,"39"
"VEDANTU","India",100,"39"
"MOBILE PREMIER LEAGUE","India",100,"39"
"DEALSHARE","India",100,"39"
"CASHFREE PAYMENTS","India",100,"39"
"SHARECHAT","India",100,"39"
"ZOMATO","India",100,"39"
"WEWORK","India",100,"39"
"BRIGHT MONEY","India",100,"39"
"SHARECHAT","India",101,"49"
"SKIT.AI","India",115,"50"
"CAPTAIN FRESH","India",120,"51"
"UPGRAD","India",120,"51"
"BOUNCE","India",120,"51"
"CUREFIT","India",120,"51"
"FRONTROW","India",130,"55"
"BOUNCE","India",130,"55"
"YOJAK","India",140,"57"
"BIZONGO","India",140,"57"
"EXOTEL","India",142,"59"
"FRONTROW","India",145,"60"
"FRAAZO","India",150,"61"
"UNACADEMY","India",150,"61"
"VERSE INNOVATION","India",150,"61"
"HEALTHIFYME","India",150,"61"
"MEESHO","India",150,"61"
"LIDO","India",150,"61"
"CREJO.FUN","India",170,"67"
"UDAAN","India",180,"68"
"FURLENCO","India",180,"68"
"RUPEEK","India",180,"68"
"CLEAR","India",190,"71"
"CITYMALL","India",191,"72"
"OLA","India",200,"73"
"BOUNCE","India",200,"73"
"OLA","India",200,"73"
"NINJACART","India",200,"73"
"MYGATE","India",200,"73"
"HIRECT","India",200,"73"
"MEDIBUDDY","India",200,"73"
"CARDEKHO","India",200,"73"
"MEESHO","India",200,"73"
"FAREPORTAL","India",200,"73"
"BLACKBUCK","India",200,"73"
"SHOP101","India",200,"73"
"VEDANTU","India",200,"73"
"MAGICBRICKS","India",250,"86"
"TRAVELTRIANGLE","India",250,"86"
"OLX INDIA","India",250,"86"
"FAREYE","India",250,"86"
"SWIGGY","India",250,"86"
"BOOKMYSHOW","India",270,"91"
"WHITEHAT JR","India",300,"92"
"SAP LABS","India",300,"92"
"TRELL","India",300,"92"
"MEESHO","India",300,"92"
"MAKEMYTRIP","India",350,"96"
"SEA","India",350,"96"
"UDAAN","India",350,"96"
"TOPPR","India",350,"96"
"MAKEMYTRIP","India",350,"96"
"SWIGGY","India",350,"96"
"UNACADEMY","India",350,"96"
"SWIGGY","India",380,"103"
"VEDANTU","India",385,"104"
"VEDANTU","India",424,"105"
"LIVSPACE","India",450,"106"
"SHARECHAT","India",500,"107"
"LENDINGKART","India",500,"107"
"PAYTM","India",500,"107"
"ZOMATO","India",520,"110"
"UBER","India",600,"111"
"MFINE","India",600,"111"
"CARS24","India",600,"111"
"OYO","India",600,"111"
"OYO","India",600,"111"
"CUREFIT","India",800,"116"
"SWIGGY","India",800,"116"
"UNACADEMY","India",1000,"118"
"OLA","India",1000,"118"
"SWIGGY","India",1100,"120"
"OLA","India",1400,"121"
"PAISABAZAAR","India",1500,"122"
"BYJU'S","India",1500,"122"
"BYTEDANCE","India",1800,"124"
"WHITEHAT JR","India",1800,"124"
"BYJU'S","India",2500,"126"
"AJAIB","Indonesia",67,"1"
"KOINWORKS","Indonesia",70,"2"
"AKULAKU","Indonesia",100,"3"
"TRAVELOKA","Indonesia",100,"3"
"ULA","Indonesia",134,"5"
"LUMMO","Indonesia",150,"6"
"SIRCLO","Indonesia",160,"7"
"JD.ID","Indonesia",200,"8"
"ZENIUS","Indonesia",200,"8"
"STOQO","Indonesia",250,"10"
"MOLADIN","Indonesia",360,"11"
"GOJEK","Indonesia",430,"12"
"GOTO GROUP","Indonesia",1300,"13"
"&OPEN","Ireland",9,"1"
"TEAMWORK","Ireland",21,"2"
"LEARNUPON","Ireland",27,"3"
"WAYFLYER","Ireland",200,"4"
"BRINGG","Israel",10,"1"
"ANYWELL","Israel",11,"2"
"COMPETE","Israel",11,"2"
"PLIOPS","Israel",12,"4"
"SYTE","Israel",13,"5"
"OPENWEB","Israel",14,"6"
"VEE","Israel",16,"7"
"VEE","Israel",17,"8"
"AU10TIX","Israel",19,"9"
"LIGHTICO","Israel",20,"10"
"PERIMETER 81","Israel",20,"10"
"LIGHTICO","Israel",20,"10"
"PERION","Israel",20,"10"
"ANTIDOTE HEALTH","Israel",23,"14"
"AQUA SECURITY","Israel",24,"15"
"BRIGHT MACHINES","Israel",30,"16"
"ZENCITY","Israel",30,"16"
"LAWGEEX","Israel",30,"16"
"TWINE SOLUTIONS","Israel",30,"16"
"GETTA","Israel",30,"16"
"DATARAILS","Israel",30,"16"
"SKAI","Israel",30,"16"
"PECAN AI","Israel",30,"16"
"REE AUTOMOTIVE","Israel",31,"24"
"STREAMELEMENTS","Israel",40,"25"
"BITSIGHT","Israel",40,"25"
"FIVERR","Israel",60,"27"
"ELEMENTOR","Israel",60,"27"
"ORCAM","Israel",62,"29"
"BEYONDMINDS","Israel",65,"30"
"HIBOB","Israel",70,"31"
"HIBOB","Israel",70,"31"
"OTONOMO","Israel",80,"33"
"LIGHTRICKS","Israel",80,"33"
"ETORO","Israel",100,"35"
"NSO","Israel",100,"35"
"COGNYTE","Israel",100,"35"
"CHECKMARX","Israel",100,"35"
"WIX","Israel",100,"35"
"HP","Israel",100,"35"
"TRAX","Israel",120,"41"
"SOLUTO","Israel",120,"41"
"PLAYTIKA","Israel",250,"43"
"WIX","Israel",370,"44"
"AVO","Israel",500,"45"
"PLAYTIKA","Israel",600,"46"
"CRUNCHYROLL","Japan",85,"1"
"SENDY","Kenya",30,"1"
"SENDY","Kenya",54,"2"
"MARKETFORCE","Kenya",54,"2"
"TWIGA","Kenya",211,"4"
"UBER","Lithuania",60,"1"
"VIBER","Luxembourg",45,"1"
"IPRICE GROUP","Malaysia",50,"1"
"IFLIX","Malaysia",50,"1"
"BITSO","Mexico",80,"1"
"KUESKI","Mexico",90,"2"
"BITSO","Mexico",100,"3"
"FLYMYA","Myanmar",200,"1"
"SKETCH","Netherlands",80,"1"
"PAYU","Netherlands",150,"2"
"UBER","Netherlands",225,"3"
"JUST EAT TAKEAWAY","Netherlands",390,"4"
"TOMTOM","Netherlands",500,"5"
"OLX GROUP","Netherlands",1500,"6"
"PHILIPS","Netherlands",4000,"7"
"BOOKING.COM","Netherlands",4375,"8"
"PHILIPS","Netherlands",6000,"9"
"LAYBUY","New Zealand",45,"1"
"BOLT","Nigeria",17,"1"
"GOKADA","Nigeria",20,"2"
"QUIDAX","Nigeria",20,"2"
"KUDA","Nigeria",23,"4"
"VENDEASE","Nigeria",27,"5"
"NESTCOIN","Nigeria",30,"6"
"GOKADA","Nigeria",54,"7"
"RENMONEY","Nigeria",391,"8"
"ALERZO","Nigeria",400,"9"
"JUMIA","Nigeria",900,"10"
"ODA","Norway",70,"1"
"ODA","Norway",70,"1"
"BRAINLY","Poland",25,"1"
"MONESE","Portugal",35,"1"
"UNBABEL","Portugal",80,"2"
"FOODPANDA","Romania",80,"1"
"ALIEXPRESS RUSSIA","Russia",400,"1"
"WAVE","Senegal",300,"1"
"BITMEX","Seychelles",75,"1"
"EATSY","Singapore",20,"1"
"POCKETMATH","Singapore",21,"2"
"GOBEAR","Singapore",22,"3"
"MATRIXPORT","Singapore",29,"4"
"STASHAWAY","Singapore",31,"5"
"HODLNAUT","Singapore",40,"6"
"MOGLIX","Singapore",40,"6"
"ZILINGO","Singapore",44,"8"
"FOODPANDA","Singapore",60,"9"
"FUNDING SOCIETIES","Singapore",65,"10"
"CHOPE","Singapore",65,"10"
"TRAX","Singapore",80,"12"
"ZILINGO","Singapore",100,"13"
"TRAX","Singapore",100,"13"
"CAROUSELL","Singapore",110,"15"
"GLINTS","Singapore",198,"16"
"HOOQ","Singapore",250,"17"
"CRYPTO.COM","Singapore",260,"18"
"GRAB","Singapore",360,"19"
"BYBIT","Singapore",600,"20"
"AGODA","Singapore",1500,"21"
"CRYPTO.COM","Singapore",2000,"22"
"GLOVO","Spain",250,"1"
"HEDVIG","Sweden",12,"1"
"ODA","Sweden",70,"2"
"BOOZT","Sweden",70,"2"
"ACAST","Sweden",70,"2"
"JUNI","Sweden",72,"5"
"STORYTEL","Sweden",100,"6"
"VOI","Sweden",100,"6"
"KLARNA","Sweden",100,"6"
"KRY","Sweden",100,"6"
"TRUSTLY","Sweden",120,"10"
"SINCH","Sweden",150,"11"
"DANIEL WELLINGTON","Sweden",200,"12"
"KRY","Sweden",300,"13"
"SPOTIFY","Sweden",600,"14"
"KLARNA","Sweden",700,"15"
"ERICSSON","Sweden",8500,"16"
"NUMBRS","Switzerland",62,"1"
"POMELO FASHION","Thailand",55,"1"
"BITOASIS","United Arab Emirates",9,"1"
"VEZEETA","United Arab Emirates",50,"2"
"SWVL","United Arab Emirates",400,"3"
"CAREEM","United Arab Emirates",536,"4"
"LOOPME","United Kingdom",8,"1"
"DOCLY","United Kingdom",8,"1"
"DOTSCIENCE","United Kingdom",10,"3"
"KOINLY","United Kingdom",16,"4"
"PRIVITAR","United Kingdom",20,"5"
"INFOSUM","United Kingdom",20,"5"
"BLEACHER REPORT","United Kingdom",20,"5"
"STINT","United Kingdom",28,"8"
"UNCAPPED","United Kingdom",29,"9"
"CHESSABLE","United Kingdom",29,"9"
"IMPALA","United Kingdom",30,"11"
"PERMUTIVE","United Kingdom",30,"11"
"THREAD","United Kingdom",30,"11"
"IMMERSIVE LABS","United Kingdom",38,"14"
"FREETRADE","United Kingdom",45,"15"
"DAZN","United Kingdom",50,"16"
"ZOOPLA","United Kingdom",50,"16"
"MINUTE MEDIA","United Kingdom",50,"16"
"LYST","United Kingdom",50,"16"
"SPLYT","United Kingdom",57,"20"
"REVOLUT","United Kingdom",60,"21"
"CURVE","United Kingdom",65,"22"
"POLLEN","United Kingdom",69,"23"
"CARWOW","United Kingdom",70,"24"
"PRIMER","United Kingdom",85,"25"
"ZEGO","United Kingdom",85,"25"
"CULTURE TRIP","United Kingdom",95,"27"
"CHECKOUT.COM","United Kingdom",100,"28"
"BABYLON","United Kingdom",100,"28"
"BLOCKCHAIN.COM","United Kingdom",110,"30"
"MONZO","United Kingdom",120,"31"
"NCC GROUP","United Kingdom",125,"32"
"BLOCKCHAIN.COM","United Kingdom",150,"33"
"OYO","United Kingdom",150,"33"
"WEWORK","United Kingdom",200,"35"
"SYNAMEDIA","United Kingdom",200,"35"
"POLLEN","United Kingdom",200,"35"
"BRITISHVOLT","United Kingdom",206,"38"
"HOPIN","United Kingdom",242,"39"
"SKYSCANNER","United Kingdom",300,"40"
"LUNO","United Kingdom",330,"41"
"DELIVEROO","United Kingdom",350,"42"
"DELIVEROO","United Kingdom",367,"43"
"ONEWEB","United Kingdom",451,"44"
"CAZOO","United Kingdom",750,"45"
"CAZOO","United Kingdom",750,"45"
"ARRIVAL","United Kingdom",800,"47"
"BRANCH","United States",3,"1"
"SPYCE","United States",4,"2"
"FLYTEDESK","United States",4,"2"
"AVANTAGE ENTERTAINMENT","United States",5,"4"
"GEEKWIRE","United States",5,"4"
"AYA","United States",5,"4"
"SYNERGYSUITE","United States",5,"4"
"PATREON","United States",5,"4"
"DIALSOURCE","United States",5,"4"
"HAVENLY","United States",5,"4"
"WOVEN","United States",5,"4"
"DARK","United States",6,"12"
"PANDA SQUAD","United States",6,"12"
"ATSU","United States",6,"12"
"JIOBIT","United States",6,"12"
"SIMON DATA","United States",6,"12"
"NURO","United States",7,"17"
"CODING DOJO","United States",7,"17"
"HOPSKIPDRIVE","United States",8,"19"
"VOYAGE SMS","United States",8,"19"
"CODECOMBAT","United States",8,"19"
"IRIS NOVA","United States",9,"22"
"INCREDIBLE HEALTH","United States",9,"22"
"N26","United States",9,"22"
"ELEMENT ANALYTICS","United States",10,"25"
"WELKIN HEALTH","United States",10,"25"
"THIRDLOVE","United States",10,"25"
"POLARR","United States",10,"25"
"IKE","United States",10,"25"
"FORWARD","United States",10,"25"
"DIGITAL CURRENCY GRUOP","United States",10,"25"
"HUMBLE","United States",10,"25"
"TRIPBAM","United States",10,"25"
"PERKSPOT","United States",10,"25"
"HER CAMPUS MEDIA","United States",10,"25"
"REALSELF","United States",11,"36"
"DESCARTES LABS","United States",12,"37"
"KONGREGATE","United States",12,"37"
"BOOKCLUB","United States",12,"37"
"CNET","United States",12,"37"
"DSCO","United States",12,"37"
"ABRA","United States",12,"37"
"MAKERBOT","United States",12,"37"
"JAMA","United States",12,"37"
"100 THIEVES","United States",12,"37"
"AMPERITY","United States",13,"46"
"LIMELIGHT","United States",13,"46"
"TOR","United States",13,"46"
"POLITICO / PROTOCOL","United States",13,"46"
"SUBSTACK","United States",13,"46"
"TROVE RECOMMERCE","United States",13,"46"
"LATTICE","United States",13,"46"
"CONSIDER.CO","United States",13,"46"
"ARC","United States",13,"46"
"LADDER LIFE","United States",13,"46"
"THE ORG","United States",13,"46"
"G/O MEDIA GROUP","United States",14,"57"
"FUNDBOX","United States",14,"57"
"ATLAS OBSCURA","United States",15,"59"
"CLARIFY HEALTH","United States",15,"59"
"TELEPORT","United States",15,"59"
"LOOP","United States",15,"59"
"DATASTAX","United States",15,"59"
"KODIAK ROBOTICS","United States",15,"59"
"USERMIND","United States",15,"59"
"VOUCH","United States",15,"59"
"TRIPLEBYTE","United States",15,"59"
"FINITE STATE","United States",16,"68"
"BATON","United States",16,"68"
"RHUMBIX","United States",16,"68"
"LATTICE","United States",16,"68"
"CONTRAFECT","United States",16,"68"
"OFFOR HEALTH","United States",16,"68"
"HELP.COM","United States",16,"68"
"THESKIMM","United States",17,"75"
"ANAGRAM","United States",17,"75"
"MODE ANALYTICS","United States",17,"75"
"ZENOTI","United States",17,"75"
"AMPLERO","United States",17,"75"
"G2","United States",17,"75"
"TIDEPOOL","United States",18,"81"
"ETHOS LIFE","United States",18,"81"
"GLITCH","United States",18,"81"
"PANA","United States",18,"81"
"LIGHTER CAPITAL","United States",18,"81"
"HOMEBOT","United States",18,"81"
"YONDER","United States",18,"81"
"SHARETHROUGH","United States",18,"81"
"BUSTLE DIGITAL GROUP","United States",19,"89"
"LAMBDA SCHOOL","United States",19,"89"
"UPSHOW","United States",19,"89"
"STYTCH","United States",19,"89"
"GLOSSIER","United States",19,"89"
"COINTRACKER","United States",19,"89"
"THIMBLE","United States",20,"95"
"GRAYMETA","United States",20,"95"
"ARGYLE","United States",20,"95"
"ALBERT","United States",20,"95"
"NEW RELIC","United States",20,"95"
"SHIPSI","United States",20,"95"
"CALIVA","United States",20,"95"
"C2FO","United States",20,"95"
"NAMOGOO","United States",20,"95"
"STREAM","United States",20,"95"
"OPAL","United States",20,"95"
"THE SILL","United States",20,"95"
"JETCLOSING","United States",20,"95"
"OCAVU","United States",20,"95"
"ADDEPAR","United States",20,"95"
"CLARI","United States",20,"95"
"FOOD52","United States",20,"95"
"TRAVELBANK","United States",20,"95"
"DRIP","United States",20,"95"
"NUODB","United States",20,"95"
"KNOTEL","United States",20,"95"
"CRAYON","United States",20,"95"
"AUGURY","United States",20,"95"
"ANGELLIST","United States",20,"95"
"SALES BOOMERANG","United States",20,"95"
"TAMARA MELLON","United States",20,"95"
"SKILLZ","United States",21,"121"
"VIDEOAMP","United States",21,"121"
"FOOD52","United States",21,"121"
"INVISION","United States",22,"124"
"CREDIT SESAME","United States",22,"124"
"LIGHTER CAPITAL","United States",22,"124"
"CAREER KARMA","United States",22,"124"
"CLYDE","United States",22,"124"
"CITRINE INFORMATICS","United States",22,"124"
"COMMONBOND","United States",22,"124"
"MAGIC EDEN","United States",22,"124"
"PIPL","United States",22,"124"
"DOVER","United States",23,"133"
"TRIPLELIFT","United States",23,"133"
"LOOM","United States",23,"133"
"SUPERHUMAN","United States",23,"133"
"KOMODO HEALTH","United States",23,"133"
"ASPIRE","United States",23,"133"
"TONKEAN","United States",23,"133"
"GOSPOTCHECK","United States",23,"133"
"ALLBIRDS","United States",23,"133"
"STEDI","United States",23,"133"
"GENOME MEDICAL","United States",23,"133"
"SPLICE","United States",23,"133"
"EQUITYBEE","United States",24,"145"
"EXTERRO","United States",24,"145"
"OKTA","United States",24,"145"
"THIRTY MADISON","United States",24,"145"
"BUSTLE DIGITAL GROUP","United States",24,"145"
"TIFIN","United States",24,"145"
"COGITO","United States",24,"145"
"HEROES","United States",24,"145"
"FLIPBOARD","United States",24,"145"
"SUNDAYSKY","United States",24,"145"
"SOURCEGRAPH","United States",24,"145"
"STAX","United States",24,"145"
"CROWDSTREET","United States",24,"145"
"TRANSFIX","United States",24,"145"
"NETFLIX","United States",25,"159"
"BVACCEL","United States",25,"159"
"LOFTSMART","United States",25,"159"
"EAZE","United States",25,"159"
"ARMIS","United States",25,"159"
"KICKSTARTER","United States",25,"159"
"NAMOGOO","United States",25,"159"
"EQUITYBEE","United States",25,"159"
"MODE ANALYTICS","United States",25,"159"
"IRL","United States",25,"159"
"VISE","United States",25,"159"
"CODE42","United States",25,"159"
"WORKABLE","United States",25,"159"
"PEAR THERAPEUTICS","United States",25,"159"
"HUMU","United States",26,"173"
"FOXTROT","United States",26,"173"
"PREPLY","United States",26,"173"
"LUCIRA HEALTH","United States",26,"173"
"THESKIMM","United States",26,"173"
"WORDSTREAM","United States",26,"173"
"TRANSMIT SECURITY","United States",27,"179"
"DEMANDBASE","United States",27,"179"
"LITHIC","United States",27,"179"
"SAFEGRAPH","United States",27,"179"
"PAYJOY","United States",27,"179"
"MOOVEL","United States",28,"184"
"CADRE","United States",28,"184"
"BUILT IN","United States",28,"184"
"TALLY","United States",28,"184"
"ZUM","United States",28,"184"
"BETTERMENT","United States",28,"184"
"VESALIUS THERAPEUTICS","United States",29,"190"
"APARTMENT LIST","United States",29,"190"
"SHEF","United States",29,"190"
"PLATO","United States",29,"190"
"VEEM","United States",30,"194"
"NATE","United States",30,"194"
"RINGCENTRAL","United States",30,"194"
"NAV","United States",30,"194"
"NETFLIX","United States",30,"194"
"LUSHA","United States",30,"194"
"LATCH","United States",30,"194"
"WAZE","United States",30,"194"
"SUBMITTABLE","United States",30,"194"
"TEXTIO","United States",30,"194"
"LEV","United States",30,"194"
"OVERTIME","United States",30,"194"
"CYCOGNITO","United States",30,"194"
"CATALANT","United States",30,"194"
"ERMETIC","United States",30,"194"
"BEVI","United States",30,"194"
"BLUME GLOBAL","United States",30,"194"
"SNYK","United States",30,"194"
"SAUCE LABS","United States",30,"194"
"FISCALNOTE","United States",30,"194"
"COTERIE INSURANCE","United States",30,"194"
"NATE","United States",30,"194"
"TCR2","United States",30,"194"
"AIRTIME","United States",30,"194"
"PEOPLE.AI","United States",30,"194"
"TANIUM","United States",30,"194"
"HYDROW","United States",30,"194"
"GATHER","United States",30,"194"
"EVERLANE","United States",30,"194"
"QUANTCAST","United States",30,"194"
"AIRBNB","United States",30,"194"
"PERSONETICS","United States",30,"194"
"EMBROKER","United States",30,"194"
"EMOTIVE","United States",30,"194"
"FIREBLOCKS","United States",30,"194"
"WORKSMITH","United States",30,"194"
"LIVEPERSON","United States",30,"194"
"SQREAM","United States",30,"194"
"BALTO","United States",30,"194"
"PATREON","United States",30,"194"
"EDIFECS","United States",30,"194"
"EQUITYZEN","United States",30,"194"
"SKILLSHARE","United States",31,"236"
"SKEDULO","United States",31,"236"
"BEAM BENEFITS","United States",31,"236"
"CAPTIVATEIQ","United States",31,"236"
"OUTSCHOOL","United States",31,"236"
"MAVEN","United States",31,"236"
"STASH","United States",32,"242"
"LOFTIUM","United States",32,"242"
"ADVATA","United States",32,"242"
"SECTION4","United States",32,"242"
"ATOB","United States",32,"242"
"CITIZEN","United States",33,"247"
"STUDIO","United States",33,"247"
"CANDY DIGITAL","United States",33,"247"
"D2IQ","United States",34,"250"
"LOOM","United States",34,"250"
"LOLA","United States",34,"250"
"APPGATE","United States",34,"250"
"ANODOT","United States",35,"254"
"BALTO","United States",35,"254"
"KABAM","United States",35,"254"
"WORKRAMP","United States",35,"254"
"WHEEL","United States",35,"254"
"SUPERPEDESTRIAN","United States",35,"254"
"VOI","United States",35,"254"
"RIDECELL","United States",35,"254"
"OPENX","United States",35,"254"
"SWEETGREEN","United States",35,"254"
"FRONTDESK","United States",35,"254"
"JETTY","United States",35,"254"
"COPPER","United States",35,"254"
"DYNAMIC SIGNAL","United States",35,"254"
"PATREON","United States",36,"268"
"HIREOLOGY","United States",36,"268"
"LABELBOX","United States",36,"268"
"FLOCKJAY","United States",37,"271"
"CAPITOLIS","United States",37,"271"
"SPRINGBIG","United States",37,"271"
"THE GUILD","United States",38,"274"
"M1","United States",38,"274"
"OUTBRAIN","United States",38,"274"
"ARTICULATE","United States",38,"274"
"INTERCOM","United States",39,"278"
"KIAVI","United States",39,"278"
"BUILDER","United States",39,"278"
"JOBCASE","United States",39,"278"
"VOX MEDIA","United States",39,"278"
"ASTRA","United States",40,"283"
"QUANTCAST","United States",40,"283"
"REALSELF","United States",40,"283"
"THE GROMMET","United States",40,"283"
"CLOUDINARY","United States",40,"283"
"ETHOS LIFE","United States",40,"283"
"SPOTHERO","United States",40,"283"
"RIVIAN","United States",40,"283"
"PARSABLE","United States",40,"283"
"INNOVID","United States",40,"283"
"INTRINSIC","United States",40,"283"
"SITEIMPROVE","United States",40,"283"
"SNOWPLOW","United States",40,"283"
"VIAL","United States",40,"283"
"COMMUNITY","United States",40,"283"
"ADWERX","United States",40,"283"
"TRUELAYER","United States",40,"283"
"GROVER","United States",40,"283"
"IDEOCLICK","United States",40,"283"
"BRAVE CARE","United States",40,"283"
"EAT JUST","United States",40,"283"
"FRESHDIRECT","United States",40,"283"
"THE ZEBRA","United States",40,"283"
"EVGO","United States",40,"283"
"EDEN / MANAGED BY Q","United States",40,"283"
"CHOWNOW","United States",40,"283"
"ABSCI","United States",40,"283"
"BEYOND MEAT","United States",40,"283"
"THE PREDICTIVE INDEX","United States",40,"283"
"WISTIA","United States",40,"283"
"STRONGDM","United States",40,"283"
"KIWICO","United States",40,"283"
"STASH FINANCIAL","United States",40,"283"
"CLINC","United States",40,"283"
"OH MY GREEN","United States",40,"283"
"TWITTER","United States",40,"283"
"HOMIE","United States",40,"283"
"MUX","United States",40,"283"
"DIVVY HOMES","United States",40,"283"
"STACK OVERFLOW","United States",40,"283"
"PEERSPACE","United States",41,"323"
"BESTOW","United States",41,"323"
"EMBARK","United States",41,"323"
"TREEHOUSE","United States",41,"323"
"UNSTOPPABLE DOMAINS","United States",42,"327"
"WALKME","United States",43,"328"
"SHELF ENGINE","United States",43,"328"
"POSTSCRIPT","United States",43,"328"
"OUTSCHOOL","United States",43,"328"
"INSCRIPTA","United States",43,"328"
"AHEAD","United States",44,"333"
"CHAINALYSIS","United States",44,"333"
"PASSPORT","United States",44,"333"
"TOMO","United States",44,"333"
"REDOX","United States",44,"333"
"LUXURY PRESENCE","United States",44,"333"
"SOUNDHOUND","United States",45,"339"
"VSCO","United States",45,"339"
"HUBILO","United States",45,"339"
"ZUMPER","United States",45,"339"
"WORKSTREAM","United States",45,"339"
"CLARI","United States",45,"339"
"PEEK","United States",45,"339"
"PENDO","United States",45,"339"
"MAINSTREET","United States",45,"339"
"INTAPP","United States",45,"339"
"RIOT GAMES","United States",46,"349"
"AKILI LABS","United States",46,"349"
"PAYFACTORS","United States",46,"349"
"WONOLO","United States",46,"349"
"VIANT","United States",46,"349"
"THE ATHLETIC","United States",46,"349"
"ALTO PHARMACY","United States",47,"355"
"POLLY","United States",47,"355"
"KARAT","United States",47,"355"
"HUFFPO","United States",47,"355"
"SHOGUN","United States",48,"359"
"NETLIFY","United States",48,"359"
"BUTTON","United States",48,"359"
"INTERCOM","United States",49,"362"
"IRON OX","United States",50,"363"
"BOLT","United States",50,"363"
"THE ZEBRA","United States",50,"363"
"SKYSLOPE","United States",50,"363"
"HEADSPACE","United States",50,"363"
"ACORNS","United States",50,"363"
"STRIPE","United States",50,"363"
"EUCALYPTUS","United States",50,"363"
"REPLICATED","United States",50,"363"
"ETHOS LIFE","United States",50,"363"
"PUPPET","United States",50,"363"
"CHIPPER CASH","United States",50,"363"
"WAHOO FITNESS","United States",50,"363"
"SEGMENT","United States",50,"363"
"LIVETILES","United States",50,"363"
"EASYPOST","United States",50,"363"
"EARNIN","United States",50,"363"
"RUBICON PROJECT","United States",50,"363"
"AMERICAN ROBOTICS","United States",50,"363"
"BUILT IN","United States",50,"363"
"RINGCENTRAL","United States",50,"363"
"IMPOSSIBLE FOODS","United States",50,"363"
"LASTLINE","United States",50,"363"
"GROUP NINE MEDIA","United States",50,"363"
"SPRINKLR","United States",50,"363"
"REMOTE YEAR","United States",50,"363"
"WONDERSCHOOL","United States",50,"363"
"DUTCHIE","United States",50,"363"
"JOKR","United States",50,"363"
"IMPERFECT FOODS","United States",50,"363"
"CARDLYTICS","United States",51,"393"
"PEERSTREET","United States",51,"393"
"TURNITIN","United States",51,"393"
"TASKUS","United States",52,"396"
"SHOWPAD","United States",52,"396"
"GENESIS","United States",52,"396"
"BAMBOO HEALTH","United States",52,"396"
"LEMONADE","United States",52,"396"
"OUTBOUNDENGINE","United States",52,"396"
"MEDIAMATH","United States",53,"402"
"TEMPO AUTOMATION","United States",54,"403"
"THE MOM PROJECT","United States",54,"403"
"ACTIFIO","United States",54,"403"
"COLLECTIVE HEALTH","United States",54,"403"
"TUFIN","United States",55,"407"
"UDACITY","United States",55,"407"
"DEFINITIVE HEALTHCARE","United States",55,"407"
"IRONNET","United States",55,"407"
"SALESLOFT","United States",55,"407"
"WHEN I WORK","United States",55,"407"
"THE WING","United States",56,"413"
"VESTA","United States",56,"413"
"WAVE SPORTS AND ENTERTAINMENT","United States",56,"413"
"LEAFLY","United States",56,"413"
"WANDERJAUNT","United States",56,"413"
"WHEEL","United States",56,"413"
"DIVERGENT 3D","United States",57,"419"
"RUBRIK","United States",57,"419"
"RHINO","United States",57,"419"
"CANOO","United States",58,"422"
"ENVOY","United States",58,"422"
"CHILI PIPER","United States",58,"422"
"PEAR THERAPEUTICS","United States",59,"425"
"STORD","United States",59,"425"
"MEDALLIA","United States",59,"425"
"THE PREDICTIVE INDEX","United States",59,"425"
"DRIFT","United States",59,"425"
"PEAR THERAPEUTICS","United States",59,"425"
"EXODUS","United States",59,"425"
"SALSIFY","United States",60,"432"
"OUTREACH","United States",60,"432"
"WORKMOTION","United States",60,"432"
"LUNCHBOX","United States",60,"432"
"MELIO","United States",60,"432"
"FOURKITES","United States",60,"432"
"BLUESTACKS","United States",60,"432"
"CLICKUP","United States",60,"432"
"TECHTARGET","United States",60,"432"
"LYFT","United States",60,"432"
"LATCH","United States",60,"432"
"AWAY","United States",60,"432"
"GENESIS","United States",60,"432"
"RAKEN","United States",60,"432"
"FLYWIRE","United States",60,"432"
"PARALLEL WIRELESS","United States",60,"432"
"DAILY HARVEST","United States",60,"432"
"GRIN","United States",60,"432"
"PARLER","United States",60,"432"
"CAREER KARMA","United States",60,"432"
"PROTOCOL","United States",60,"432"
"NOTARIZE","United States",60,"432"
"SHIPPO","United States",60,"432"
"OPTIMIZELY","United States",60,"432"
"TILTING POINT","United States",60,"432"
"FORTO","United States",60,"432"
"COINBASE","United States",60,"432"
"METROMILE","United States",60,"432"
"BOSSA NOVA","United States",61,"460"
"CS DISCO","United States",62,"461"
"BREX","United States",62,"461"
"DIVVYDOSE","United States",62,"461"
"PROJECT44","United States",63,"464"
"YELP","United States",63,"464"
"USERTESTING","United States",63,"464"
"WARBY PARKER","United States",63,"464"
"RAD POWER BIKES","United States",63,"464"
"SYNAPSEFI","United States",63,"464"
"MAPBOX","United States",64,"470"
"ZEUS LIVING","United States",64,"470"
"CHECKR","United States",64,"470"
"LAMBDA SCHOOL","United States",65,"473"
"USHIP","United States",65,"473"
"REPERTOIRE IMMUNE MEDICINES","United States",65,"473"
"PLAYDOTS","United States",65,"473"
"MIXPANEL","United States",65,"473"
"INFLUXDATA","United States",65,"473"
"AQUA SECURITY","United States",65,"473"
"THIRDLOVE","United States",65,"473"
"VIRTA HEALTH","United States",65,"473"
"REDESIGN HEALTH","United States",67,"482"
"GEMINI","United States",68,"483"
"SOCURE","United States",69,"484"
"HASHICORP","United States",69,"484"
"SKILLZ","United States",70,"486"
"DATAROBOT","United States",70,"486"
"HIPPO INSURANCE","United States",70,"486"
"INTEGRAL AD SCIENCE","United States",70,"486"
"BITTITAN","United States",70,"486"
"KYRUUS","United States",70,"486"
"SPLUNK","United States",70,"486"
"OUTREACH","United States",70,"486"
"BUNGALOW","United States",70,"486"
"YOTPO","United States",70,"486"
"AURA","United States",70,"486"
"OSCAR HEALTH","United States",70,"486"
"KITTY HAWK","United States",70,"486"
"1STDIBS","United States",70,"486"
"VIRTUDENT","United States",70,"486"
"QUANERGY SYSTEMS","United States",72,"501"
"ON DECK","United States",72,"501"
"ZEUS LIVING","United States",73,"503"
"ON DECK","United States",73,"503"
"EASYPOST","United States",75,"505"
"ARRIVE LOGISTICS","United States",75,"505"
"O'REILLY MEDIA","United States",75,"505"
"DISCO","United States",75,"505"
"VARO","United States",75,"505"
"PEERSTREET","United States",75,"505"
"KALTURA","United States",75,"505"
"LOKALISE","United States",76,"512"
"UNIPHORE","United States",76,"512"
"ASTRONOMER","United States",76,"512"
"BOUNCEX","United States",77,"515"
"CASPER","United States",78,"516"
"PULSE SECURE","United States",78,"516"
"KOMODO HEALTH","United States",78,"516"
"SPIN","United States",78,"516"
"MASTERCLASS","United States",79,"520"
"QUMULO","United States",80,"521"
"GONG","United States",80,"521"
"LIME","United States",80,"521"
"CAMEO","United States",80,"521"
"STOCKX","United States",80,"521"
"SANDBOX VR","United States",80,"521"
"INDIGO","United States",80,"521"
"BITTREX","United States",80,"521"
"ZEUS LIVING","United States",80,"521"
"APP ANNIE","United States",80,"521"
"EVENTBRITE","United States",80,"521"
"HOLOGRAM","United States",80,"521"
"VERBIT","United States",80,"521"
"SISENSE","United States",80,"521"
"PATREON","United States",80,"521"
"ZENDESK","United States",80,"521"
"AVANTSTAY","United States",80,"521"
"LEAFLINK","United States",80,"521"
"ZYMERGEN","United States",80,"521"
"NYLAS","United States",80,"521"
"ZYMERGEN","United States",80,"521"
"GLOSSIER","United States",80,"521"
"QUARTZ","United States",80,"521"
"VINFAST US","United States",80,"521"
"ELECTRIC","United States",81,"545"
"CARE.COM","United States",81,"545"
"REMEDY","United States",82,"547"
"PAYPAL","United States",83,"548"
"RECHARGE","United States",84,"549"
"EJENTO","United States",84,"549"
"FAIRE","United States",84,"549"
"WANDERJAUNT","United States",85,"552"
"REV.COM","United States",85,"552"
"FUNDING CIRCLE","United States",85,"552"
"IROBOT","United States",85,"552"
"NIANTIC","United States",85,"552"
"SMARTSHEET","United States",85,"552"
"LEVER","United States",86,"558"
"BUY.COM / RAKUTEN","United States",87,"559"
"IBOTTA","United States",87,"559"
"ZENEFITS","United States",87,"559"
"FOODSBY","United States",87,"559"
"OUTSIDE","United States",87,"559"
"CAMEO","United States",87,"559"
"BLOOMTECH","United States",88,"565"
"UNISON","United States",89,"566"
"PROTOCOL LABS","United States",89,"566"
"SCALEFACTOR","United States",90,"568"
"SCIENCE 37","United States",90,"568"
"WORKATO","United States",90,"568"
"DOMO","United States",90,"568"
"GUMGUM","United States",90,"568"
"INDUSTRIOUS","United States",90,"568"
"FRESHWORKS","United States",90,"568"
"MURAL","United States",90,"568"
"SEEGRID","United States",90,"568"
"SALESFORCE","United States",90,"568"
"SUNDAY","United States",90,"568"
"CONVOY","United States",90,"568"
"IRONNET","United States",90,"568"
"SALSIFY","United States",90,"568"
"CALM","United States",90,"568"
"INNOVACCER","United States",90,"568"
"PICSART","United States",90,"568"
"MATTERPORT","United States",90,"568"
"CONSENSYS","United States",91,"586"
"LEAFLY","United States",91,"586"
"BITTORRENT","United States",92,"588"
"SCOOP","United States",92,"588"
"KITOPI","United States",93,"590"
"GOFUNDME","United States",94,"591"
"PACT PHARMA","United States",94,"591"
"NEWFRONT INSURANCE","United States",94,"591"
"WHOOP","United States",95,"594"
"54GENE","United States",95,"594"
"HOUZZ","United States",95,"594"
"BLACKLINE","United States",95,"594"
"EDGIO","United States",95,"594"
"PAVILION DATA","United States",96,"599"
"COLOSSUS","United States",97,"600"
"SYNOPSYS","United States",100,"601"
"RUGGABLE","United States",100,"601"
"STOCKX","United States",100,"601"
"VEEV","United States",100,"601"
"SPRINKLR","United States",100,"601"
"CYBEREASON","United States",100,"601"
"EMX DIGITAL","United States",100,"601"
"GEMINI","United States",100,"601"
"PATIENTPOP","United States",100,"601"
"GETAROUND","United States",100,"601"
"KITTY HAWK","United States",100,"601"
"HIGHSPOT","United States",100,"601"
"RAD POWER BIKES","United States",100,"601"
"GETIR","United States",100,"601"
"BLEND","United States",100,"601"
"FLATIRON SCHOOL","United States",100,"601"
"CHOWNOW","United States",100,"601"
"SONDER","United States",100,"601"
"SALESLOFT","United States",100,"601"
"ZIPCAR","United States",100,"601"
"SNAPPY","United States",100,"601"
"GOPUFF","United States",100,"601"
"SAKS.COM","United States",100,"601"
"BIZZABO","United States",100,"601"
"METROMILE","United States",100,"601"
"ADAPTIVE BIOTECHNOLOGIES","United States",100,"601"
"HYPERSCIENCE","United States",100,"601"
"10X GENOMICS","United States",100,"601"
"PACASO","United States",100,"601"
"NCINO","United States",100,"601"
"JUMPCLOUD","United States",100,"601"
"ZOOX","United States",100,"601"
"TRIPLELIFT","United States",100,"601"
"STARRY","United States",100,"601"
"BRANCH METRICS","United States",100,"601"
"GEM","United States",100,"601"
"ZAK","United States",100,"601"
"PRODUCTBOARD","United States",100,"601"
"CONSENSYS","United States",100,"601"
"FORESCOUT","United States",100,"601"
"FIFTH SEASON","United States",100,"601"
"BULLHORN","United States",100,"601"
"REMOTE","United States",100,"601"
"LYRIC","United States",100,"601"
"TABOOLA","United States",100,"601"
"CHIPPER CASH","United States",100,"601"
"JUMIO","United States",100,"601"
"ADOBE","United States",100,"601"
"F5","United States",100,"601"
"SUMMERBIO","United States",101,"650"
"GREENLIGHT","United States",104,"651"
"SOCURE","United States",104,"651"
"SYNTHEGO","United States",105,"653"
"TURO","United States",108,"654"
"CURATIVE","United States",109,"655"
"INSPIRATO","United States",109,"655"
"NYDIG","United States",110,"657"
"NAMELY","United States",110,"657"
"NEW RELIC","United States",110,"657"
"SIDECAR HEALTH","United States",110,"657"
"NOTARIZE","United States",110,"657"
"VARONIS","United States",110,"657"
"VIRGIN HYPERLOOP","United States",111,"663"
"SOFI","United States",112,"664"
"HOMEPOINT","United States",113,"665"
"KNOCK","United States",115,"666"
"LATCH","United States",115,"666"
"HUBILO","United States",115,"666"
"HOMIE","United States",119,"669"
"MIRO","United States",119,"669"
"NOMAD HEALTH","United States",119,"669"
"BIZZABO","United States",120,"672"
"KHOROS","United States",120,"672"
"INTEGRAL AD SCIENCE","United States",120,"672"
"RIGUP","United States",120,"672"
"GREENHOUSE SOFTWARE","United States",120,"672"
"SMARTNEWS","United States",120,"672"
"FABRIC","United States",120,"672"
"MASTERCLASS","United States",120,"672"
"ZOOX","United States",120,"672"
"SIMILARWEB","United States",120,"672"
"ZYMERGEN","United States",120,"672"
"STOCKX","United States",120,"672"
"BIOMARIN","United States",120,"672"
"CYREN","United States",121,"685"
"TIPALTI","United States",123,"686"
"INTERCOM","United States",124,"687"
"KITOPI","United States",124,"687"
"MALWAREBYTES","United States",125,"689"
"BARK","United States",126,"690"
"GUSTO","United States",126,"690"
"KNOTEL","United States",127,"692"
"MINDSTRONG","United States",127,"692"
"EVERNOTE","United States",129,"694"
"AMOUNT","United States",130,"695"
"TAKL","United States",130,"695"
"WONDER","United States",130,"695"
"BLUEGROUND","United States",130,"695"
"VALIDITY","United States",130,"695"
"LIFTOFF","United States",130,"695"
"VOX MEDIA","United States",130,"695"
"GITLAB","United States",130,"695"
"APPGATE","United States",130,"695"
"VOI","United States",130,"695"
"CARGURUS","United States",130,"695"
"ID.ME","United States",130,"695"
"SIRIONLABS","United States",130,"695"
"GUARDANT HEALTH","United States",130,"695"
"LATCH","United States",130,"695"
"INSPIRATO","United States",130,"695"
"QUANTERIX","United States",130,"695"
"DAPPER LABS","United States",134,"712"
"ANDELA","United States",135,"713"
"BREX","United States",136,"714"
"RIBBON","United States",136,"714"
"ROOT INSURANCE","United States",137,"716"
"BLUPRINT","United States",137,"716"
"BIRD","United States",138,"718"
"PACKABLE","United States",138,"718"
"HOPIN","United States",138,"718"
"BONTERRA","United States",140,"721"
"CALLISTO MEDIA","United States",140,"721"
"REALI","United States",140,"721"
"IROBOT","United States",140,"721"
"UPSTART","United States",140,"721"
"IMPOSSIBLE FOODS COPY","United States",140,"721"
"DRAFTKINGS","United States",140,"721"
"VELODYNE LIDAR","United States",140,"721"
"GOODRX","United States",140,"721"
"PAGAYA","United States",140,"721"
"ELECTRIC","United States",141,"731"
"CHARGEBEE","United States",142,"732"
"AVANTSTAY","United States",144,"733"
"MINTED","United States",147,"734"
"HEALTHCARE.COM","United States",149,"735"
"PINTEREST","United States",150,"736"
"AMAZON","United States",150,"736"
"INSTRUCTURE","United States",150,"736"
"PLEO","United States",150,"736"
"ONETRUST","United States",150,"736"
"CONVENE","United States",150,"736"
"WEEE!","United States",150,"736"
"CRUISE","United States",150,"736"
"6SENSE","United States",150,"736"
"NETFLIX","United States",150,"736"
"UBER FREIGHT","United States",150,"736"
"FUNDBOX","United States",150,"736"
"ARGO AI","United States",150,"736"
"NEXT INSURANCE","United States",150,"736"
"ZWIFT","United States",150,"736"
"RELATIVITY","United States",150,"736"
"TRUEPILL","United States",150,"736"
"CELSIUS","United States",150,"736"
"WISH","United States",150,"736"
"DOMESTIKA","United States",150,"736"
"GLOSSIER","United States",150,"736"
"CUROLOGY","United States",150,"736"
"QUALCOMM","United States",153,"758"
"CLASSPASS","United States",154,"759"
"BRIDGE CONNECTOR","United States",154,"759"
"OPORTUN","United States",155,"761"
"HOUZZ","United States",155,"761"
"8X8","United States",155,"761"
"CHIME","United States",156,"764"
"CALIBRATE","United States",156,"764"
"HAPPY MONEY","United States",158,"766"
"KAYAK / OPENTABLE","United States",160,"767"
"THUMBTACK","United States",160,"767"
"RUBIUS","United States",160,"767"
"NEW RELIC","United States",160,"767"
"CARTA","United States",161,"771"
"MONZO","United States",165,"772"
"CUE","United States",170,"773"
"POLICYGENIUS","United States",170,"773"
"OWNBACKUP","United States",170,"773"
"RIBBON","United States",170,"773"
"ARGO AI","United States",173,"777"
"SONOS","United States",174,"778"
"WEEDMAPS","United States",175,"779"
"TRUEPILL","United States",175,"779"
"RESTAURANT365","United States",175,"779"
"ZSCALER","United States",177,"782"
"KONFIO","United States",180,"783"
"MOMENTIVE","United States",180,"783"
"POSTMATES","United States",180,"783"
"PROCORE","United States",180,"783"
"ASANA","United States",180,"783"
"ORCHARD","United States",180,"783"
"BUZZFEED","United States",180,"783"
"BIGCOMMERCE","United States",180,"783"
"TASKUS","United States",186,"791"
"WISH","United States",190,"792"
"LIVEPERSON","United States",193,"793"
"ROVER","United States",194,"794"
"SNYK","United States",198,"795"
"EVERBRIDGE","United States",200,"796"
"GOPRO","United States",200,"796"
"CYBEREASON","United States",200,"796"
"ELECTRONIC ARTS","United States",200,"796"
"TWITTER","United States",200,"796"
"BEYOND MEAT","United States",200,"796"
"MX","United States",200,"796"
"CARBON HEALTH","United States",200,"796"
"MERATIVE","United States",200,"796"
"SOUNDHOUND","United States",200,"796"
"STUBHUB","United States",200,"796"
"FLYHOMES","United States",200,"796"
"DATAROBOT","United States",200,"796"
"YELLOW.AI","United States",200,"796"
"DIGITALOCEAN","United States",200,"796"
"BOOKSY","United States",200,"796"
"ORACLE","United States",200,"796"
"UNITY","United States",200,"796"
"ZUME","United States",200,"796"
"8X8","United States",200,"796"
"JAM CITY","United States",200,"796"
"ROKU","United States",200,"796"
"BLEND","United States",200,"796"
"LENDINGTREE","United States",200,"796"
"INTEL","United States",201,"820"
"MEOW WOLF","United States",201,"820"
"WAYMO","United States",209,"822"
"ADROLL","United States",210,"823"
"UIPATH","United States",210,"823"
"SECUREWORKS","United States",212,"825"
"OLIVE AI","United States",215,"826"
"TRUECAR","United States",219,"827"
"VELODYNE LIDAR","United States",220,"828"
"BLEND","United States",220,"828"
"CONFLUENT","United States",221,"830"
"STAY ALFRED","United States",221,"830"
"SERVICETITAN","United States",221,"830"
"LENDING CLUB","United States",225,"833"
"BOOKING.COM","United States",226,"834"
"EVERLANE","United States",227,"835"
"EMBARK TRUCKS","United States",230,"836"
"THE REALREAL","United States",230,"836"
"THE REALREAL","United States",235,"838"
"RECUR FOREVER","United States",235,"838"
"REDFIN","United States",236,"840"
"MOTIVE","United States",237,"841"
"KATERRA","United States",240,"842"
"BOLT","United States",240,"842"
"NS8","United States",240,"842"
"UIPATH","United States",241,"845"
"THREDUP","United States",243,"846"
"INNOVACCER","United States",245,"847"
"PEGASYSTEMS","United States",245,"847"
"GOPUFF","United States",250,"849"
"DOMA","United States",250,"849"
"MOZILLA","United States",250,"849"
"SEMA4","United States",250,"849"
"VERILY","United States",250,"849"
"BIG FISH GAMES","United States",250,"849"
"THUMBTACK","United States",250,"849"
"CLEAR CAPITAL","United States",250,"849"
"CARBON HEALTH","United States",250,"849"
"B8TA","United States",250,"849"
"SONDER","United States",250,"849"
"AUTODESK","United States",250,"849"
"BLOCKFI","United States",250,"849"
"WEWORK","United States",250,"849"
"WESTERN DIGITAL","United States",251,"863"
"AIRTABLE","United States",254,"864"
"ARGO AI","United States",259,"865"
"AUTOMATION ANYWHERE","United States",260,"866"
"PLAID","United States",260,"866"
"TONAL","United States",262,"868"
"VROOM","United States",270,"869"
"NUTANIX","United States",270,"869"
"QUALTRICS","United States",270,"869"
"COMPASS","United States",271,"872"
"VROOM","United States",275,"873"
"UNITY","United States",284,"874"
"CEREBRAL","United States",285,"875"
"NURO","United States",300,"876"
"FLYHOMES","United States",300,"876"
"OKTA","United States",300,"876"
"COLOR HEALTH","United States",300,"876"
"SAMSARA","United States",300,"876"
"SOJERN","United States",300,"876"
"LACEWORK","United States",300,"876"
"APPLOVIN","United States",300,"876"
"WEWORK","United States",300,"876"
"IFIT","United States",300,"876"
"PROTERRA","United States",300,"876"
"NETFLIX","United States",300,"876"
"WEWORK","United States",300,"876"
"ZILLOW","United States",300,"876"
"TRIPACTIONS","United States",300,"876"
"TELADOC HEALTH","United States",300,"876"
"GLASSDOOR","United States",300,"876"
"DOMA","United States",310,"893"
"DROPBOX","United States",315,"894"
"FATE THERAPEUTICS","United States",315,"894"
"SPLUNK","United States",325,"896"
"FRESHLY","United States",329,"897"
"ROOT INSURANCE","United States",330,"898"
"STITCH FIX","United States",330,"898"
"VROOM","United States",337,"900"
"BLEND","United States",340,"901"
"ROBINHOOD","United States",340,"901"
"SAGE THERAPEUTICS","United States",340,"901"
"INTEL","United States",343,"904"
"KEEPTRUCKIN","United States",349,"905"
"TUSIMPLE","United States",350,"906"
"ZENDESK","United States",350,"906"
"SHUTTERFLY","United States",360,"908"
"UPSTART","United States",365,"909"
"COMMERCEHUB","United States",371,"910"
"COMPASS","United States",375,"911"
"CLEAR CAPITAL","United States",378,"912"
"CUE","United States",388,"913"
"SONDER","United States",400,"914"
"PLURALSIGHT","United States",400,"914"
"PICO INTERACTIVE","United States",400,"914"
"EZCATER","United States",400,"914"
"JUUL","United States",400,"914"
"CVENT","United States",400,"914"
"ENJOY","United States",400,"914"
"MINDBODY","United States",400,"914"
"KATERRA","United States",400,"914"
"CEREBRAL","United States",400,"914"
"ZIPRECRUITER","United States",400,"914"
"BIRD","United States",406,"925"
"COMPASS","United States",450,"926"
"INFORMATICA","United States",450,"926"
"GOPUFF","United States",450,"926"
"OLIVE","United States",450,"926"
"WORKRISE","United States",450,"926"
"SOPHOS","United States",450,"926"
"GODADDY","United States",451,"932"
"LENDING CLUB","United States",460,"933"
"REDFIN","United States",470,"934"
"SIRIUSXM","United States",475,"935"
"NOOM","United States",495,"936"
"HUBSPOT","United States",500,"937"
"GROUPON","United States",500,"937"
"NOOM","United States",500,"937"
"SEMA4","United States",500,"937"
"ILLUMINA","United States",500,"937"
"PELOTON","United States",500,"937"
"EBAY","United States",500,"937"
"AFFIRM","United States",500,"937"
"JUMP","United States",500,"937"
"GROUPON","United States",500,"937"
"BLACKBAUD","United States",500,"937"
"THOUGHTWORKS","United States",500,"937"
"EVENTBRITE","United States",500,"937"
"DOMA","United States",515,"950"
"WORKDAY","United States",525,"951"
"GODADDY","United States",530,"952"
"OPENDOOR","United States",550,"953"
"OPENDOOR","United States",600,"954"
"HELLOFRESH","United States",611,"955"
"FLEXPORT","United States",640,"956"
"MISFITS MARKET","United States",649,"957"
"DELIV","United States",669,"958"
"DOCUSIGN","United States",671,"959"
"DOCUSIGN","United States",680,"960"
"LYFT","United States",700,"961"
"MINDBODY","United States",700,"961"
"AMDOCS","United States",700,"961"
"ROBINHOOD","United States",713,"964"
"INTUIT","United States",715,"965"
"REEF","United States",750,"966"
"FLYWHEEL SPORTS","United States",784,"967"
"PELOTON","United States",784,"967"
"TWILIO","United States",800,"969"
"SHUTTERFLY","United States",800,"969"
"GOHEALTH","United States",800,"969"
"RIVIAN","United States",840,"972"
"REDFIN","United States",862,"973"
"WAYFAIR","United States",870,"974"
"TRIPADVISOR","United States",900,"975"
"JUUL","United States",900,"975"
"BETTER.COM","United States",900,"975"
"ONETRUST","United States",950,"978"
"COINBASE","United States",950,"978"
"NETAPP","United States",960,"980"
"LINKEDIN","United States",960,"980"
"LYFT","United States",982,"982"
"YELP","United States",1000,"983"
"INVITAE","United States",1000,"983"
"MAGIC LEAP","United States",1000,"983"
"SALESFORCE","United States",1000,"983"
"BUTLER HOSPITALITY","United States",1000,"983"
"STRIPE","United States",1000,"983"
"SALESFORCE","United States",1000,"983"
"COINBASE","United States",1100,"990"
"KRAKEN","United States",1100,"990"
"CAPITAL ONE","United States",1100,"990"
"DOORDASH","United States",1250,"993"
"SNAP","United States",1280,"994"
"LAM RESEARCH","United States",1300,"995"
"ZOOM","United States",1300,"995"
"VACASA","United States",1300,"995"
"TOAST","United States",1300,"995"
"STITCH FIX","United States",1400,"999"
"GOPUFF","United States",1500,"1000"
"CARVANA","United States",1500,"1000"
"YAHOO","United States",1600,"1002"
"YAHOO","United States",1600,"1002"
"WAYFAIR","United States",1750,"1004"
"INSTACART","United States",1877,"1005"
"AIRBNB","United States",1900,"1006"
"ZILLOW","United States",2000,"1007"
"PAYPAL","United States",2000,"1007"
"KATERRA","United States",2434,"1009"
"CARVANA","United States",2500,"1010"
"GROUPON","United States",2800,"1011"
"PELOTON","United States",2800,"1011"
"BETTER.COM","United States",3000,"1013"
"UBER","United States",3000,"1013"
"TWITTER","United States",3700,"1015"
"UBER","United States",3700,"1015"
"IBM","United States",3900,"1017"
"CISCO","United States",4100,"1018"
"DELL","United States",6650,"1019"
"AMAZON","United States",8000,"1020"
"SALESFORCE","United States",8000,"1020"
"AMAZON","United States",10000,"1022"
"MICROSOFT","United States",10000,"1022"
"META","United States",11000,"1024"
"GOOGLE","United States",12000,"1025"
"PALANTIR","United States.",75,"1"
"LANDING","United States.",110,"2"
"TWILIO","United States.",1500,"3"
